{
    "version": "5.8.1.v202512051053",
    "created": "2026-01-15 12:35",
    "nodestats": {
        "nodes": [
            {
                "id": "org.knime.base.node.io.filehandling.csv.reader.CSVTableReaderNodeFactory",
                "nodename": "CSV Reader",
                "nrexecs": 4,
                "nrfails": 0,
                "exectime": 302,
                "nrcreated": 4,
                "nrsettingsChanged": 4,
                "successor": "org.knime.base.node.preproc.joiner3.Joiner3NodeFactory",
                "successornodename": "Joiner"
            },
            {
                "id": "org.knime.base.node.preproc.joiner3.Joiner3NodeFactory",
                "nodename": "Joiner",
                "nrexecs": 3,
                "nrfails": 0,
                "exectime": 71,
                "nrcreated": 3,
                "nrsettingsChanged": 4,
                "successor": "org.knime.base.node.io.filehandling.csv.writer.CSVWriter2NodeFactory",
                "successornodename": "CSV Writer"
            },
            {
                "id": "org.knime.base.node.preproc.filter.row3.RowFilterNodeFactory",
                "nodename": "Row Filter",
                "nrexecs": 1,
                "nrfails": 0,
                "exectime": 267,
                "nrcreated": 1,
                "nrsettingsChanged": 2,
                "successor": "org.knime.base.views.node.histogram.HistogramNodeFactory",
                "successornodename": "Histogram"
            },
            {
                "id": "org.knime.base.views.node.histogram.HistogramNodeFactory",
                "nodename": "Histogram",
                "nrexecs": 1,
                "nrfails": 0,
                "exectime": 204,
                "nrcreated": 1,
                "nrsettingsChanged": 1,
                "successor": "n/a",
                "successornodename": "n/a"
            },
            {
                "id": "org.knime.base.node.preproc.pivot.Pivot2NodeFactory",
                "nodename": "Pivot",
                "nrexecs": 2,
                "nrfails": 0,
                "exectime": 352,
                "nrcreated": 1,
                "nrsettingsChanged": 2,
                "successor": "org.knime.base.views.node.scatterplot.ScatterPlotNodeFactory",
                "successornodename": "Scatter Plot"
            },
            {
                "id": "org.knime.base.views.node.scatterplot.ScatterPlotNodeFactory",
                "nodename": "Scatter Plot",
                "nrexecs": 1,
                "nrfails": 0,
                "exectime": 4,
                "nrcreated": 1,
                "nrsettingsChanged": 1,
                "successor": "n/a",
                "successornodename": "n/a"
            },
            {
                "id": "org.knime.base.node.io.filehandling.csv.writer.CSVWriter2NodeFactory",
                "nodename": "CSV Writer",
                "nrexecs": 0,
                "nrfails": 0,
                "exectime": 0,
                "nrcreated": 1,
                "nrsettingsChanged": 1,
                "successor": "n/a",
                "successornodename": "n/a"
            }
        ],
        "metaNodes": {
        },
        "wrappedNodes": {
        },
        "createdVia": {
            "WEB_UI": 12,
            "WEB_UI_QUICK_INSERTION_RECOMMENDED": 1
        }
    },
    "uptime": 2051422,
    "workflowsOpened": 1,
    "remoteWorkflowsOpened": 0,
    "workflowsCreated": 1,
    "remoteWorkflowsCreated": 0,
    "columnarStorageWorkflowsOpened": 0,
    "workflowsImported": 0,
    "workflowsExported": 0,
    "webUIPerspectiveSwitches": 0,
    "javaUIPerspectiveSwitches": 0,
    "lastUsedPerspective": "none",
    "launches": 1,
    "lastApplicationID": "org.knime.product.KNIME_APPLICATION",
    "timeSinceLastStart": 2051422,
    "crashes": 0,
    "properlyShutDown": false
}